{"cameraMode":{"drawMode":0,"name":"Shaded","section":"Shading Mode"},"sceneLighting":false,"audioPlay":false,"sceneViewState":{"m_AlwaysRefresh":false,"showFog":true,"showSkybox":false,"showFlares":true,"showImageEffects":true,"showParticleSystems":true,"showVisualEffectGraphs":true,"m_FxEnabled":true},"in2DMode":false,"pivot":{"x":-0.6544715166091919,"y":2.5349578857421877,"z":-3.5799999237060549},"rotation":{"x":0.3692663908004761,"y":-0.14820942282676698,"z":0.05978139489889145,"w":0.9154799580574036},"size":0.34641021490097048,"orthographic":false}